,Country,Monthly_Sal_EUR,EdLevel
17,Canada,6096.441666666667,Bachelor's degree
67,Canada,9494.458333333332,college/university without bachelor's degree
77,Canada,19988.333333333332,Doctoral degree
86,Canada,12592.650000000001,Something else
134,Canada,13991.833333333332,Bachelor's degree
137,Canada,8395.099999999999,Master's degree
170,Canada,12992.416666666666,Master's degree
359,Canada,9994.166666666666,Bachelor's degree
374,Canada,8994.75,Master's degree
382,Canada,9494.458333333332,Bachelor's degree
383,Canada,8844.8375,Bachelor's degree
448,Canada,8994.75,Bachelor's degree
475,Canada,11993.0,college/university without bachelor's degree
487,Canada,83.951,college/university without bachelor's degree
547,Canada,10993.583333333332,Bachelor's degree
649,Canada,3997.6666666666665,Bachelor's degree
702,Canada,8994.75,college/university without bachelor's degree
755,Canada,10293.991666666667,Bachelor's degree
809,Canada,6496.208333333333,Bachelor's degree
833,Canada,6995.916666666666,Bachelor's degree
875,Canada,7295.741666666667,Bachelor's degree
1000,Canada,9994.166666666666,Master's degree
1008,Canada,8994.75,Bachelor's degree
1136,Canada,6995.916666666666,Bachelor's degree
1165,Canada,8794.866666666667,Bachelor's degree
1210,Canada,7995.333333333333,Associate degree
1307,Canada,7995.333333333333,Associate degree
1349,Canada,82.95158333333333,Bachelor's degree
1427,Canada,7395.6833333333325,Associate degree
1525,Canada,11993.0,Master's degree
1586,Canada,12792.533333333333,Master's degree
1629,Canada,7495.625,college/university without bachelor's degree
1631,Canada,9994.166666666666,Professional degree
1645,Canada,9994.166666666666,Associate degree
1664,Canada,11493.291666666666,Associate degree
1685,Canada,7995.333333333333,college/university without bachelor's degree
1688,Canada,9744.3125,Bachelor's degree
1760,Canada,7495.625,Bachelor's degree
1774,Canada,6696.091666666667,college/university without bachelor's degree
1783,Canada,15990.666666666666,Bachelor's degree
1786,Canada,63.962666666666664,college/university without bachelor's degree
1824,Canada,7495.625,Bachelor's degree
1958,Canada,8515.029999999999,Bachelor's degree
2006,Canada,12992.416666666666,Master's degree
2025,Canada,7995.333333333333,college/university without bachelor's degree
2034,Canada,7995.333333333333,college/university without bachelor's degree
2065,Canada,6796.033333333334,Master's degree
2076,Canada,6995.916666666666,Bachelor's degree
2123,Canada,7695.508333333333,Bachelor's degree
2159,Canada,9844.254166666666,Bachelor's degree
2178,Canada,7695.508333333333,Bachelor's degree
2183,Canada,8495.041666666666,Bachelor's degree
2187,Canada,9194.633333333333,Associate degree
2199,Canada,10293.991666666667,Master's degree
2220,Canada,15990.666666666666,Bachelor's degree
2239,Canada,5996.5,Master's degree
2302,Canada,10993.583333333332,Doctoral degree
2319,Canada,7495.625,Bachelor's degree
2389,Canada,9694.341666666667,Bachelor's degree
2459,Canada,9994.166666666666,Bachelor's degree
2470,Canada,11093.525000000001,Bachelor's degree
2562,Canada,10493.875,Bachelor's degree
2612,Canada,7995.333333333333,college/university without bachelor's degree
2658,Canada,8994.75,Bachelor's degree
2810,Canada,5296.908333333333,Bachelor's degree
2813,Canada,8794.866666666667,Master's degree
2845,Canada,12992.416666666666,Bachelor's degree
2876,Canada,79.95333333333333,Associate degree
2917,Canada,14691.425,Master's degree
3061,Canada,10993.583333333332,Associate degree
3075,Canada,7995.333333333333,Bachelor's degree
3082,Canada,249.85416666666666,Bachelor's degree
3194,Canada,5896.5583333333325,Bachelor's degree
3220,Canada,11493.291666666666,Bachelor's degree
3222,Canada,7995.333333333333,Bachelor's degree
3277,Canada,11493.291666666666,Bachelor's degree
3294,Canada,6995.916666666666,Bachelor's degree
3327,Canada,19988.333333333332,Bachelor's degree
3392,Canada,249.85416666666666,Bachelor's degree
3398,Canada,8994.75,Master's degree
3436,Canada,11143.495833333334,Associate degree
3449,Canada,6796.033333333334,Associate degree
3487,Canada,19988.333333333332,Doctoral degree
3522,Canada,9294.575,Master's degree
3526,Canada,8395.099999999999,Bachelor's degree
3534,Canada,7495.625,college/university without bachelor's degree
3601,Canada,9994.166666666666,Bachelor's degree
3700,Canada,14991.25,Bachelor's degree
3739,Canada,10793.7,Bachelor's degree
3745,Canada,8468.357241666667,Bachelor's degree
3862,Canada,15990.666666666666,Bachelor's degree
3865,Canada,9994.166666666666,Bachelor's degree
3878,Canada,9494.458333333332,Bachelor's degree
3881,Canada,5137.001666666667,Associate degree
3923,Canada,7295.741666666667,Bachelor's degree
3936,Canada,15091.191666666668,Bachelor's degree
3983,Canada,18988.916666666664,Doctoral degree
3993,Canada,4697.258333333333,Professional degree
4011,Canada,8794.866666666667,Bachelor's degree
4032,Canada,19988.333333333332,Bachelor's degree
4035,Canada,11993.0,college/university without bachelor's degree
4168,Canada,8495.041666666666,Associate degree
4222,Canada,8594.983333333334,Something else
4246,Canada,9994.166666666666,Bachelor's degree
4261,Canada,8495.041666666666,Bachelor's degree
4278,Canada,14091.775000000001,college/university without bachelor's degree
4310,Canada,10493.875,Bachelor's degree
4314,Canada,339.8016666666666,Bachelor's degree
4330,Canada,6496.208333333333,Bachelor's degree
4368,Canada,10194.05,Bachelor's degree
4375,Canada,74.95625,Bachelor's degree
4389,Canada,7495.625,Associate degree
4428,Canada,4097.608333333334,Something else
4435,Canada,6995.916666666666,Bachelor's degree
4449,Canada,1055.384,Associate degree
4452,Canada,119.93,Something else
4462,Canada,5996.5,Bachelor's degree
4471,Canada,8938.782666666666,Bachelor's degree
4587,Canada,14991.25,college/university without bachelor's degree
4606,Canada,9994.166666666666,Bachelor's degree
4696,Canada,8841.839249999999,Bachelor's degree
4706,Canada,19988.333333333332,Bachelor's degree
4733,Canada,3997.6666666666665,Bachelor's degree
4744,Canada,11993.0,college/university without bachelor's degree
4806,Canada,9994.166666666666,Bachelor's degree
4823,Canada,8794.866666666667,college/university without bachelor's degree
4837,Canada,16490.375,college/university without bachelor's degree
4882,Canada,7995.333333333333,Associate degree
4893,Canada,3997.6666666666665,Something else
4911,Canada,7656.431141666666,Bachelor's degree
4914,Canada,6196.383333333333,Master's degree
5011,Canada,6496.208333333333,Master's degree
5013,Canada,15490.958333333332,Master's degree
5024,Canada,99.94166666666666,Bachelor's degree
5093,Canada,14491.541666666666,Doctoral degree
5105,Canada,11993.0,Bachelor's degree
5159,Canada,11993.0,Bachelor's degree
5204,Canada,9994.166666666666,Bachelor's degree
5233,Canada,159.90666666666667,Master's degree
5281,Canada,8495.041666666666,Master's degree
5317,Canada,9694.341666666667,Master's degree
5339,Canada,14991.25,Master's degree
5363,Canada,7495.625,Master's degree
5405,Canada,15990.666666666666,Bachelor's degree
5407,Canada,9994.166666666666,college/university without bachelor's degree
5423,Canada,8594.983333333334,Bachelor's degree
5460,Canada,157.90783333333331,Professional degree
5480,Canada,15590.900000000001,Associate degree
5491,Canada,10993.583333333332,Associate degree
5501,Canada,14991.25,college/university without bachelor's degree
5524,Canada,239.86,college/university without bachelor's degree
5532,Canada,10194.05,Bachelor's degree
5585,Canada,399.76666666666665,Master's degree
5661,Canada,16990.083333333332,Bachelor's degree
5686,Canada,1998.8333333333333,Bachelor's degree
5778,Canada,12992.416666666666,Bachelor's degree
5793,Canada,8994.75,Secondary school
5807,Canada,99.94166666666666,Bachelor's degree
5847,Canada,6995.916666666666,Master's degree
5913,Canada,13991.833333333332,Associate degree
5925,Canada,6496.208333333333,Bachelor's degree
5936,Canada,9994.166666666666,Something else
5984,Canada,9994.166666666666,Bachelor's degree
5985,Canada,11993.0,college/university without bachelor's degree
5994,Canada,7195.8,college/university without bachelor's degree
5999,Canada,9939.19875,Associate degree
6041,Canada,249.85416666666666,college/university without bachelor's degree
6061,Canada,8295.158333333333,Bachelor's degree
6085,Canada,4997.083333333333,Bachelor's degree
6124,Canada,4997.083333333333,Master's degree
6156,Canada,5196.966666666666,Bachelor's degree
6161,Canada,7995.333333333333,Master's degree
6174,Canada,11593.233333333334,Associate degree
6203,Canada,4397.433333333333,Associate degree
6217,Canada,799.5333333333333,Bachelor's degree
6261,Canada,8495.041666666666,Doctoral degree
6264,Canada,299.825,Bachelor's degree
6287,Canada,15990.666666666666,Master's degree
6292,Canada,12792.533333333333,Master's degree
6298,Canada,8994.75,Bachelor's degree
6326,Canada,7995.333333333333,Bachelor's degree
6332,Canada,9494.458333333332,Doctoral degree
6387,Canada,11993.0,Master's degree
6401,Canada,14991.25,Master's degree
6403,Canada,6546.179166666667,Bachelor's degree
6433,Canada,9994.166666666666,Bachelor's degree
6514,Canada,6176.395,Bachelor's degree
6562,Canada,499.7083333333333,Bachelor's degree
6597,Canada,5496.791666666666,Bachelor's degree
6615,Canada,14991.25,Associate degree
6655,Canada,14991.25,Bachelor's degree
6657,Canada,7595.566666666667,Bachelor's degree
6672,Canada,7995.333333333333,Something else
6694,Canada,19988.333333333332,Bachelor's degree
6769,Canada,9244.604166666666,Bachelor's degree
6807,Canada,7995.333333333333,Bachelor's degree
6822,Canada,14991.25,Bachelor's degree
6836,Canada,6995.916666666666,Bachelor's degree
6860,Canada,7995.333333333333,Bachelor's degree
6886,Canada,16990.083333333332,Bachelor's degree
6915,Canada,9394.516666666666,Bachelor's degree
6934,Canada,8994.75,Master's degree
7028,Canada,10493.875,Bachelor's degree
7041,Canada,11993.0,Bachelor's degree
7043,Canada,9994.166666666666,Bachelor's degree
7093,Canada,9994.166666666666,Bachelor's degree
7099,Canada,5996.5,Associate degree
7150,Canada,8994.75,Associate degree
7185,Canada,12492.708333333332,Secondary school
7188,Canada,11993.0,Master's degree
7193,Canada,9194.633333333333,college/university without bachelor's degree
7204,Canada,7995.333333333333,Primary/elementary school
7231,Canada,13991.833333333332,Master's degree
7241,Canada,11593.233333333334,Bachelor's degree
7274,Canada,5996.5,Bachelor's degree
7297,Canada,9494.458333333332,Bachelor's degree
7305,Canada,99.94166666666666,Bachelor's degree
7344,Canada,6796.033333333334,Bachelor's degree
7346,Canada,4997.083333333333,Master's degree
7414,Canada,9994.166666666666,college/university without bachelor's degree
7423,Canada,6895.974999999999,Bachelor's degree
7445,Canada,6995.916666666666,Associate degree
7455,Canada,14991.25,Bachelor's degree
7471,Canada,499.7083333333333,Bachelor's degree
7486,Canada,7895.391666666666,Bachelor's degree
7505,Canada,5996.5,Bachelor's degree
7535,Canada,9494.458333333332,Bachelor's degree
7555,Canada,8495.041666666666,Bachelor's degree
7584,Canada,10793.7,college/university without bachelor's degree
7697,Canada,7195.8,Bachelor's degree
7780,Canada,9994.166666666666,Master's degree
7788,Canada,7995.333333333333,Master's degree
7791,Canada,12992.416666666666,Doctoral degree
7802,Canada,7895.391666666666,Master's degree
7835,Canada,1199.3,college/university without bachelor's degree
8018,Canada,9494.458333333332,Master's degree
8099,Canada,10793.7,Bachelor's degree
8125,Canada,149.9125,Master's degree
8127,Canada,15990.666666666666,Master's degree
8134,Canada,4997.083333333333,Bachelor's degree
8207,Canada,9494.458333333332,Master's degree
8218,Canada,5097.025,college/university without bachelor's degree
8288,Canada,9594.4,Bachelor's degree
8290,Canada,4797.2,college/university without bachelor's degree
8365,Canada,9994.166666666666,Bachelor's degree
8375,Canada,10993.583333333332,Associate degree
8408,Canada,9494.458333333332,Bachelor's degree
8414,Canada,87.94866666666667,college/university without bachelor's degree
8415,Canada,12992.416666666666,Bachelor's degree
8478,Canada,14491.541666666666,Bachelor's degree
8538,Canada,9994.166666666666,college/university without bachelor's degree
8542,Canada,8395.099999999999,Master's degree
8589,Canada,12492.708333333332,Bachelor's degree
8597,Canada,16490.375,Bachelor's degree
8621,Canada,14491.541666666666,Bachelor's degree
8642,Canada,1998.8333333333333,Bachelor's degree
8723,Canada,11493.291666666666,Master's degree
8732,Canada,8694.925,Associate degree
8802,Canada,9994.166666666666,college/university without bachelor's degree
8858,Canada,2698.425,Master's degree
8894,Canada,11993.0,Bachelor's degree
8896,Canada,10793.7,Secondary school
8906,Canada,9044.720833333333,Bachelor's degree
8931,Canada,13492.125,Master's degree
8943,Canada,6496.208333333333,Master's degree
8948,Canada,14841.337500000001,Master's degree
8950,Canada,11493.291666666666,Bachelor's degree
9042,Canada,8315.146666666667,college/university without bachelor's degree
9063,Canada,4497.375,Bachelor's degree
9125,Canada,12892.475,Master's degree
9203,Canada,54.96791666666667,college/university without bachelor's degree
9207,Canada,799.5333333333333,college/university without bachelor's degree
9259,Canada,13192.3,Bachelor's degree
9276,Canada,7245.770833333333,Bachelor's degree
9367,Canada,4197.549999999999,Doctoral degree
9430,Canada,7495.625,Bachelor's degree
9472,Canada,10393.933333333332,Bachelor's degree
9498,Canada,10993.583333333332,Bachelor's degree
9513,Canada,6596.15,Bachelor's degree
9557,Canada,13492.125,Associate degree
9567,Canada,6396.266666666666,college/university without bachelor's degree
9573,Canada,349.79583333333335,Bachelor's degree
9597,Canada,6895.974999999999,Bachelor's degree
9609,Canada,8994.75,Bachelor's degree
9624,Canada,4997.083333333333,Bachelor's degree
9627,Canada,8495.041666666666,Master's degree
9638,Canada,17989.5,Bachelor's degree
9640,Canada,8495.041666666666,college/university without bachelor's degree
9652,Canada,15990.666666666666,Bachelor's degree
9763,Canada,8994.75,Secondary school
9777,Canada,8594.983333333334,Master's degree
9793,Canada,7195.8,Bachelor's degree
9799,Canada,6995.916666666666,college/university without bachelor's degree
9813,Canada,6995.916666666666,Bachelor's degree
9867,Canada,849.5041666666667,Bachelor's degree
9869,Canada,86.14971666666668,Something else
9871,Canada,12992.416666666666,Master's degree
9960,Canada,19988.333333333332,Bachelor's degree
9973,Canada,11493.291666666666,Bachelor's degree
9990,Canada,9894.224999999999,Associate degree
10020,Canada,6496.208333333333,Bachelor's degree
10021,Canada,8495.041666666666,Master's degree
10035,Canada,19988.333333333332,Bachelor's degree
10036,Canada,10493.875,college/university without bachelor's degree
10054,Canada,9994.166666666666,Bachelor's degree
10065,Canada,14391.6,Bachelor's degree
10092,Canada,6296.325000000001,Associate degree
10121,Canada,13192.3,Bachelor's degree
10133,Canada,15191.133333333333,Master's degree
10195,Canada,5696.675,college/university without bachelor's degree
10223,Canada,7795.450000000001,Bachelor's degree
10237,Canada,9494.458333333332,Bachelor's degree
10243,Canada,9494.458333333332,college/university without bachelor's degree
10255,Canada,15091.191666666668,Doctoral degree
10256,Canada,3997.6666666666665,college/university without bachelor's degree
10283,Canada,9194.633333333333,Bachelor's degree
10306,Canada,10593.816666666666,Master's degree
10318,Canada,5496.791666666666,Bachelor's degree
10337,Canada,7595.566666666667,college/university without bachelor's degree
10370,Canada,279.83666666666664,college/university without bachelor's degree
10375,Canada,9294.575,Master's degree
10382,Canada,11993.0,Bachelor's degree
10397,Canada,14091.775000000001,Bachelor's degree
10408,Canada,9194.633333333333,Bachelor's degree
10440,Canada,8644.954166666666,Bachelor's degree
10446,Canada,9994.166666666666,Bachelor's degree
10461,Canada,17989.5,Bachelor's degree
10555,Canada,9994.166666666666,Master's degree
10556,Canada,19988.333333333332,Bachelor's degree
10562,Canada,6895.974999999999,Bachelor's degree
10597,Canada,9994.166666666666,college/university without bachelor's degree
10652,Canada,7995.333333333333,Bachelor's degree
10662,Canada,7595.566666666667,Bachelor's degree
10675,Canada,7995.333333333333,Associate degree
10756,Canada,9994.166666666666,Bachelor's degree
10819,Canada,9994.166666666666,Bachelor's degree
10958,Canada,7995.333333333333,Master's degree
11014,Canada,12992.416666666666,Bachelor's degree
11042,Canada,8395.099999999999,Bachelor's degree
11096,Canada,19988.333333333332,Secondary school
11114,Canada,11493.291666666666,Bachelor's degree
11264,Canada,10993.583333333332,Bachelor's degree
11361,Canada,12992.416666666666,Bachelor's degree
11422,Canada,8495.041666666666,Bachelor's degree
11564,Canada,8295.158333333333,Bachelor's degree
11710,Canada,5496.791666666666,Bachelor's degree
11810,Canada,7995.333333333333,Bachelor's degree
13055,Canada,6652.117333333333,Bachelor's degree
13099,Canada,3597.9,college/university without bachelor's degree
14269,Canada,12992.416666666666,Bachelor's degree
14385,Canada,14991.25,college/university without bachelor's degree
14594,Canada,17989.5,college/university without bachelor's degree
15264,Canada,10493.875,Master's degree
15290,Canada,6995.916666666666,Bachelor's degree
15310,Canada,5496.791666666666,Doctoral degree
15314,Canada,6995.916666666666,college/university without bachelor's degree
15520,Canada,11493.291666666666,Secondary school
15677,Canada,11643.204166666666,Associate degree
15684,Canada,12492.708333333332,college/university without bachelor's degree
15853,Canada,14991.25,Master's degree
15939,Canada,9194.633333333333,Associate degree
16154,Canada,9894.224999999999,college/university without bachelor's degree
16296,Canada,549.6791666666667,Bachelor's degree
16320,Canada,9494.458333333332,Bachelor's degree
16427,Canada,9994.166666666666,Master's degree
16571,Canada,8994.75,college/university without bachelor's degree
16608,Canada,6296.325000000001,Something else
16648,Canada,10293.991666666667,Associate degree
16829,Canada,9694.341666666667,Master's degree
16883,Canada,7995.333333333333,Master's degree
16932,Canada,7495.625,Professional degree
16957,Canada,9494.458333333332,Bachelor's degree
16966,Canada,9494.458333333332,Master's degree
16998,Canada,9694.341666666667,Bachelor's degree
17016,Canada,9994.166666666666,Bachelor's degree
17031,Canada,18988.916666666664,Doctoral degree
17097,Canada,9244.604166666666,Master's degree
17129,Canada,5496.791666666666,Master's degree
17152,Canada,10993.583333333332,Master's degree
17174,Canada,8594.983333333334,Master's degree
17189,Canada,6796.033333333334,Bachelor's degree
17298,Canada,11993.0,Associate degree
17444,Canada,4497.375,Secondary school
17478,Canada,7695.508333333333,Bachelor's degree
17502,Canada,8994.75,Bachelor's degree
17522,Canada,11993.0,Bachelor's degree
17595,Canada,5196.966666666666,Bachelor's degree
17618,Canada,7795.450000000001,Bachelor's degree
17713,Canada,6995.916666666666,Master's degree
17763,Canada,4197.549999999999,Bachelor's degree
17831,Canada,4497.375,Associate degree
17870,Canada,9194.633333333333,Bachelor's degree
17945,Canada,13492.125,Bachelor's degree
17977,Canada,6995.916666666666,Bachelor's degree
17983,Canada,8994.75,Bachelor's degree
18203,Canada,8994.75,Bachelor's degree
18259,Canada,12992.416666666666,Master's degree
18281,Canada,5996.5,Bachelor's degree
18316,Canada,599.65,Secondary school
18319,Canada,7795.450000000001,Associate degree
18348,Canada,9794.283333333333,Something else
18405,Canada,3997.6666666666665,college/university without bachelor's degree
18441,Canada,3497.958333333333,Professional degree
18475,Canada,11193.466666666667,Master's degree
18550,Canada,18988.916666666664,Bachelor's degree
18592,Canada,8495.041666666666,Bachelor's degree
18638,Canada,3997.6666666666665,Associate degree
18680,Canada,10993.583333333332,Master's degree
18744,Canada,4997.083333333333,Secondary school
18803,Canada,6646.1208333333325,Bachelor's degree
18854,Canada,7395.6833333333325,Bachelor's degree
18874,Canada,10993.583333333332,Bachelor's degree
18880,Canada,3947.695833333333,Secondary school
18883,Canada,10094.108333333334,Bachelor's degree
18938,Canada,12592.650000000001,Bachelor's degree
18941,Canada,17989.5,college/university without bachelor's degree
19143,Canada,7995.333333333333,Bachelor's degree
19194,Canada,12088.944,Bachelor's degree
19204,Canada,11993.0,Bachelor's degree
19210,Canada,9994.166666666666,Associate degree
19215,Canada,2698.425,Bachelor's degree
19229,Canada,11793.116666666665,Bachelor's degree
19244,Canada,6995.916666666666,college/university without bachelor's degree
19366,Canada,9494.458333333332,Master's degree
19412,Canada,12492.708333333332,Associate degree
19421,Canada,239.86,college/university without bachelor's degree
19476,Canada,15990.666666666666,Secondary school
19499,Canada,59.965,college/university without bachelor's degree
19504,Canada,339.8016666666666,Bachelor's degree
19573,Canada,8994.75,Bachelor's degree
19686,Canada,7995.333333333333,Something else
19792,Canada,10993.583333333332,Secondary school
19794,Canada,14991.25,Master's degree
19823,Canada,10993.583333333332,college/university without bachelor's degree
19847,Canada,11293.408333333333,Master's degree
19865,Canada,8095.275,Associate degree
19948,Canada,14991.25,Bachelor's degree
19963,Canada,7995.333333333333,Bachelor's degree
19996,Canada,4997.083333333333,Bachelor's degree
20034,Canada,9494.458333333332,Bachelor's degree
20054,Canada,11993.0,Master's degree
20074,Canada,17489.791666666664,Associate degree
20108,Canada,18988.916666666664,Bachelor's degree
20123,Canada,7495.625,Bachelor's degree
20152,Canada,11293.408333333333,Bachelor's degree
20203,Canada,10993.583333333332,Master's degree
20215,Canada,15490.958333333332,Bachelor's degree
20220,Canada,12992.416666666666,Master's degree
20250,Canada,6496.208333333333,Bachelor's degree
20335,Canada,35.979,Master's degree
20407,Canada,5496.791666666666,Secondary school
20419,Canada,8495.041666666666,Bachelor's degree
20422,Canada,12092.941666666668,Bachelor's degree
20423,Canada,15990.666666666666,Associate degree
20425,Canada,479.72,college/university without bachelor's degree
20456,Canada,7295.741666666667,Bachelor's degree
20471,Canada,8894.808333333332,Bachelor's degree
20479,Canada,6995.916666666666,Bachelor's degree
20531,Canada,9294.575,college/university without bachelor's degree
20536,Canada,7275.753333333334,Bachelor's degree
20560,Canada,9994.166666666666,Bachelor's degree
20608,Canada,4997.083333333333,Associate degree
20675,Canada,7895.391666666666,Bachelor's degree
20681,Canada,10593.816666666666,Bachelor's degree
20687,Canada,9994.166666666666,Master's degree
20703,Canada,335.804,Bachelor's degree
20724,Canada,6496.208333333333,Bachelor's degree
20730,Canada,17989.5,Associate degree
20830,Canada,8994.75,Professional degree
20863,Canada,11993.0,Master's degree
20904,Canada,8495.041666666666,Bachelor's degree
20940,Canada,6496.208333333333,Bachelor's degree
20975,Canada,9994.166666666666,Bachelor's degree
21010,Canada,8694.925,Bachelor's degree
21034,Canada,11493.291666666666,Associate degree
21040,Canada,59.965,college/university without bachelor's degree
21044,Canada,3897.7250000000004,college/university without bachelor's degree
21056,Canada,14991.25,Master's degree
21119,Canada,7695.508333333333,Bachelor's degree
21208,Canada,11493.291666666666,Bachelor's degree
21218,Canada,10693.758333333333,Bachelor's degree
21264,Canada,4497.375,Bachelor's degree
21272,Canada,17489.791666666664,Doctoral degree
21281,Canada,599.65,Bachelor's degree
21346,Canada,6995.916666666666,college/university without bachelor's degree
21390,Canada,5576.745,Bachelor's degree
21392,Canada,8495.041666666666,Bachelor's degree
21411,Canada,9594.4,Bachelor's degree
21452,Canada,10493.875,Master's degree
21467,Canada,14991.25,Professional degree
21516,Canada,9994.166666666666,Doctoral degree
21528,Canada,13991.833333333332,Master's degree
21570,Canada,12292.824999999999,Associate degree
21584,Canada,5996.5,Bachelor's degree
21609,Canada,11493.291666666666,Bachelor's degree
21615,Canada,7095.858333333334,Bachelor's degree
21665,Canada,5996.5,Bachelor's degree
21668,Canada,9994.166666666666,Bachelor's degree
21693,Canada,11493.291666666666,Something else
21749,Canada,9994.166666666666,college/university without bachelor's degree
21758,Canada,175.89733333333334,Bachelor's degree
21792,Canada,7995.333333333333,Bachelor's degree
21811,Canada,14991.25,Bachelor's degree
21821,Canada,11993.0,Master's degree
21837,Canada,799.5333333333333,college/university without bachelor's degree
21840,Canada,12992.416666666666,Secondary school
21850,Canada,7795.450000000001,Something else
21884,Canada,8495.041666666666,Bachelor's degree
21988,Canada,14991.25,Bachelor's degree
21989,Canada,18988.916666666664,Bachelor's degree
22042,Canada,6496.208333333333,Bachelor's degree
22080,Canada,1099.3583333333333,Bachelor's degree
22121,Canada,399.76666666666665,Bachelor's degree
22128,Canada,5996.5,Doctoral degree
22231,Canada,7495.625,Bachelor's degree
22290,Canada,10993.583333333332,Associate degree
22339,Canada,9994.166666666666,Bachelor's degree
22340,Canada,599.65,Something else
22386,Canada,12492.708333333332,Doctoral degree
22413,Canada,11493.291666666666,Bachelor's degree
22415,Canada,99.94166666666666,Associate degree
22570,Canada,11993.0,Master's degree
22631,Canada,399.76666666666665,Master's degree
22910,Canada,8495.041666666666,Master's degree
22999,Canada,10293.991666666667,Bachelor's degree
23379,Canada,5496.791666666666,Something else
24731,Canada,7995.333333333333,Bachelor's degree
24828,Canada,13991.833333333332,Bachelor's degree
24853,Canada,14991.25,Bachelor's degree
25106,Canada,8495.041666666666,Bachelor's degree
25347,Canada,8495.041666666666,Doctoral degree
25389,Canada,15990.666666666666,Master's degree
25440,Canada,7495.625,college/university without bachelor's degree
25494,Canada,8994.75,Doctoral degree
25599,Canada,8994.75,Bachelor's degree
25607,Canada,11993.0,college/university without bachelor's degree
25611,Canada,13492.125,Bachelor's degree
25627,Canada,11993.0,Bachelor's degree
25658,Canada,10693.758333333333,college/university without bachelor's degree
25702,Canada,17489.791666666664,Master's degree
25705,Canada,8495.041666666666,Associate degree
25748,Canada,6995.916666666666,Master's degree
25801,Canada,999.4166666666666,Something else
25869,Canada,11493.291666666666,Bachelor's degree
25871,Canada,14991.25,Bachelor's degree
25936,Canada,12492.708333333332,Something else
26115,Canada,5496.791666666666,Bachelor's degree
26161,Canada,8994.75,Bachelor's degree
26239,Canada,13492.125,Master's degree
26247,Canada,12492.708333333332,college/university without bachelor's degree
26265,Canada,14791.366666666665,Bachelor's degree
26312,Canada,6096.441666666667,Bachelor's degree
26321,Canada,11743.145833333332,college/university without bachelor's degree
26393,Canada,19988.333333333332,Bachelor's degree
26408,Canada,7245.770833333333,Bachelor's degree
26447,Canada,6496.208333333333,Bachelor's degree
26459,Canada,14791.366666666665,Bachelor's degree
26479,Canada,12992.416666666666,Master's degree
26610,Canada,5996.5,Bachelor's degree
26652,Canada,7622.7508,Master's degree
26656,Canada,9994.166666666666,Bachelor's degree
26658,Canada,10993.583333333332,Bachelor's degree
26670,Canada,14991.25,Bachelor's degree
26677,Canada,84.95041666666665,Bachelor's degree
26728,Canada,18988.916666666664,college/university without bachelor's degree
26784,Canada,449.7375,college/university without bachelor's degree
26828,Canada,7495.625,Bachelor's degree
26835,Canada,13592.066666666668,Master's degree
26837,Canada,9994.166666666666,Associate degree
26842,Canada,3997.6666666666665,Bachelor's degree
26861,Canada,6995.916666666666,Bachelor's degree
26863,Canada,6696.091666666667,Bachelor's degree
26896,Canada,8994.75,Master's degree
26921,Canada,12692.591666666667,Bachelor's degree
26985,Canada,8495.041666666666,Associate degree
27005,Canada,7195.8,Associate degree
27031,Canada,12492.708333333332,Secondary school
27035,Canada,14991.25,Bachelor's degree
27041,Canada,8694.925,Bachelor's degree
27043,Canada,8495.041666666666,college/university without bachelor's degree
27063,Canada,6496.208333333333,Master's degree
27082,Canada,6496.208333333333,Bachelor's degree
27111,Canada,8994.75,college/university without bachelor's degree
27121,Canada,19988.333333333332,Master's degree
27152,Canada,11993.0,Bachelor's degree
27199,Canada,6995.916666666666,Bachelor's degree
27216,Canada,6995.916666666666,Master's degree
27321,Canada,149.9125,Master's degree
27372,Canada,14991.25,Bachelor's degree
27425,Canada,10993.583333333332,Bachelor's degree
27430,Canada,14991.25,Bachelor's degree
27445,Canada,12992.416666666666,Secondary school
27454,Canada,1099.3583333333333,Bachelor's degree
27469,Canada,11993.0,college/university without bachelor's degree
27546,Canada,5496.791666666666,Master's degree
27591,Canada,6796.033333333334,Master's degree
27710,Canada,1499.125,Master's degree
27712,Canada,8994.75,college/university without bachelor's degree
27753,Canada,1998.8333333333333,Bachelor's degree
27763,Canada,5776.628333333334,Master's degree
27771,Canada,7995.333333333333,Bachelor's degree
27778,Canada,7195.8,Bachelor's degree
27782,Canada,5196.966666666666,Master's degree
27859,Canada,11493.291666666666,Bachelor's degree
27866,Canada,10993.583333333332,Master's degree
27914,Canada,9094.691666666666,Professional degree
27954,Canada,9994.166666666666,Primary/elementary school
28008,Canada,11493.291666666666,college/university without bachelor's degree
28019,Canada,2998.25,Master's degree
28028,Canada,13991.833333333332,Bachelor's degree
28228,Canada,7995.333333333333,Doctoral degree
28237,Canada,8495.041666666666,Doctoral degree
28252,Canada,5796.616666666667,college/university without bachelor's degree
28265,Canada,9494.458333333332,Bachelor's degree
28296,Canada,10993.583333333332,Master's degree
28379,Canada,13492.125,Bachelor's degree
28388,Canada,12192.883333333333,Bachelor's degree
28393,Canada,9994.166666666666,Master's degree
28425,Canada,11993.0,Bachelor's degree
28426,Canada,7995.333333333333,Bachelor's degree
28458,Canada,9994.166666666666,Bachelor's degree
28472,Canada,1998.8333333333333,Bachelor's degree
28561,Canada,11693.175,Bachelor's degree
28614,Canada,9994.166666666666,Bachelor's degree
28640,Canada,12992.416666666666,Associate degree
28691,Canada,6296.325000000001,Bachelor's degree
28741,Canada,9994.166666666666,Bachelor's degree
28755,Canada,79.95333333333333,college/university without bachelor's degree
28757,Canada,5696.675,Something else
28792,Canada,12992.416666666666,college/university without bachelor's degree
28854,Canada,5996.5,Bachelor's degree
28880,Canada,13492.125,Bachelor's degree
28896,Canada,16990.083333333332,Bachelor's degree
28943,Canada,8994.75,Bachelor's degree
28947,Canada,5996.5,Master's degree
28949,Canada,8095.275,college/university without bachelor's degree
28962,Canada,12192.883333333333,Bachelor's degree
28972,Canada,17989.5,Bachelor's degree
29008,Canada,8594.983333333334,Bachelor's degree
29020,Canada,12992.416666666666,Bachelor's degree
29031,Canada,10993.583333333332,Master's degree
29042,Canada,8495.041666666666,Associate degree
29055,Canada,19988.333333333332,Bachelor's degree
29180,Canada,14991.25,Bachelor's degree
29195,Canada,11993.0,Doctoral degree
29199,Canada,8994.75,college/university without bachelor's degree
29201,Canada,13492.125,Bachelor's degree
29210,Canada,15990.666666666666,Associate degree
29242,Canada,7495.625,Master's degree
29253,Canada,11193.466666666667,Something else
29280,Canada,13991.833333333332,Master's degree
29282,Canada,7595.566666666667,Associate degree
29349,Canada,9094.691666666666,Professional degree
29354,Canada,12492.708333333332,Bachelor's degree
29457,Canada,12492.708333333332,Bachelor's degree
29467,Canada,9694.341666666667,Bachelor's degree
29509,Canada,16490.375,college/university without bachelor's degree
29530,Canada,8095.275,Bachelor's degree
29572,Canada,13492.125,Bachelor's degree
29583,Canada,5996.5,Bachelor's degree
29591,Canada,9494.458333333332,Bachelor's degree
29600,Canada,13492.125,Bachelor's degree
29679,Canada,7495.625,Bachelor's degree
29681,Canada,11993.0,college/university without bachelor's degree
29752,Canada,10493.875,Bachelor's degree
29838,Canada,4497.375,college/university without bachelor's degree
29881,Canada,7495.625,Bachelor's degree
29896,Canada,10493.875,Bachelor's degree
29929,Canada,19988.333333333332,Master's degree
29955,Canada,2998.25,college/university without bachelor's degree
29983,Canada,9994.166666666666,college/university without bachelor's degree
30008,Canada,10493.875,Bachelor's degree
30009,Canada,8994.75,Bachelor's degree
30013,Canada,7995.333333333333,Bachelor's degree
30040,Canada,6546.179166666667,Bachelor's degree
30078,Canada,14991.25,Bachelor's degree
30149,Canada,9994.166666666666,Bachelor's degree
30198,Canada,8495.041666666666,Bachelor's degree
30238,Canada,17489.791666666664,Bachelor's degree
30313,Canada,7495.625,Bachelor's degree
30322,Canada,9094.691666666666,Associate degree
30367,Canada,12992.416666666666,Bachelor's degree
30405,Canada,7995.333333333333,Bachelor's degree
30438,Canada,12992.416666666666,Master's degree
30458,Canada,7995.333333333333,Bachelor's degree
30526,Canada,16490.375,Bachelor's degree
30573,Canada,6995.916666666666,Master's degree
30603,Canada,13991.833333333332,Bachelor's degree
30652,Canada,18988.916666666664,Bachelor's degree
30714,Canada,6696.091666666667,college/university without bachelor's degree
30756,Canada,9294.575,Bachelor's degree
30816,Canada,339.8016666666666,Associate degree
30835,Canada,8594.983333333334,Bachelor's degree
30867,Canada,399.76666666666665,Master's degree
30869,Canada,10493.875,Bachelor's degree
30871,Canada,10.493875,Master's degree
30883,Canada,11193.466666666667,Master's degree
30892,Canada,9444.4875,Master's degree
30894,Canada,9994.166666666666,Bachelor's degree
30942,Canada,9994.166666666666,Bachelor's degree
30959,Canada,6496.208333333333,college/university without bachelor's degree
30970,Canada,17489.791666666664,Bachelor's degree
31002,Canada,6246.354166666666,Bachelor's degree
31018,Canada,7995.333333333333,Bachelor's degree
31033,Canada,349.79583333333335,Secondary school
31157,Canada,5496.791666666666,Bachelor's degree
31372,Canada,5496.791666666666,college/university without bachelor's degree
31375,Canada,5696.675,Bachelor's degree
31396,Canada,7995.333333333333,Bachelor's degree
31468,Canada,4497.375,Bachelor's degree
31551,Canada,12992.416666666666,Doctoral degree
31661,Canada,1699.0083333333334,Master's degree
31737,Canada,7495.625,Bachelor's degree
31835,Canada,14991.25,college/university without bachelor's degree
31902,Canada,34.97958333333333,Bachelor's degree
32000,Canada,6196.383333333333,college/university without bachelor's degree
32237,Canada,10493.875,Bachelor's degree
32421,Canada,8994.75,Bachelor's degree
32636,Canada,9994.166666666666,Bachelor's degree
32850,Canada,4997.083333333333,Bachelor's degree
33153,Canada,12992.416666666666,Master's degree
33238,Canada,11175.976875,Something else
33456,Canada,10493.875,Bachelor's degree
33601,Canada,5496.791666666666,Something else
33778,Canada,9994.166666666666,Master's degree
33784,Canada,249.85416666666666,Bachelor's degree
33846,Canada,11993.0,Master's degree
33881,Canada,6995.916666666666,college/university without bachelor's degree
33973,Canada,5996.5,Bachelor's degree
34025,Canada,9094.691666666666,Bachelor's degree
34051,Canada,11493.291666666666,Master's degree
34077,Canada,7495.625,Bachelor's degree
34169,Canada,12492.708333333332,Bachelor's degree
34211,Canada,18988.916666666664,Bachelor's degree
34219,Canada,499.7083333333333,Master's degree
34244,Canada,4997.083333333333,college/university without bachelor's degree
34272,Canada,7995.333333333333,Bachelor's degree
34302,Canada,19988.333333333332,Master's degree
34325,Canada,10493.875,Bachelor's degree
34342,Canada,6496.208333333333,Master's degree
34382,Canada,11993.0,Something else
34429,Canada,9994.166666666666,Bachelor's degree
34437,Canada,15490.958333333332,Bachelor's degree
34500,Canada,134.92125,Bachelor's degree
34527,Canada,9994.166666666666,Associate degree
34528,Canada,6496.208333333333,Bachelor's degree
34530,Canada,4997.083333333333,college/university without bachelor's degree
34531,Canada,5796.616666666667,college/university without bachelor's degree
34545,Canada,10493.875,Bachelor's degree
34563,Canada,5496.791666666666,college/university without bachelor's degree
34577,Canada,15291.074999999999,Bachelor's degree
34622,Canada,399.76666666666665,college/university without bachelor's degree
34630,Canada,229.8658333333333,Secondary school
34688,Canada,3497.958333333333,college/university without bachelor's degree
34823,Canada,7495.625,Associate degree
34833,Canada,12992.416666666666,Bachelor's degree
34897,Canada,7995.333333333333,Bachelor's degree
34915,Canada,3997.6666666666665,Bachelor's degree
34955,Canada,7495.625,Bachelor's degree
35045,Canada,13718.692758333333,Master's degree
35053,Canada,3997.6666666666665,college/university without bachelor's degree
35095,Canada,9494.458333333332,Bachelor's degree
35141,Canada,7495.625,Bachelor's degree
35173,Canada,799.5333333333333,Master's degree
35185,Canada,7995.333333333333,Bachelor's degree
35209,Canada,9294.575,Master's degree
35233,Canada,149.9125,college/university without bachelor's degree
35240,Canada,7995.333333333333,Bachelor's degree
35270,Canada,8295.158333333333,Bachelor's degree
35271,Canada,15990.666666666666,Something else
35312,Canada,9994.166666666666,Bachelor's degree
35349,Canada,7995.333333333333,Bachelor's degree
35370,Canada,6096.441666666667,Master's degree
35397,Canada,3997.6666666666665,Associate degree
35412,Canada,6995.916666666666,Associate degree
35420,Canada,7995.333333333333,Bachelor's degree
35527,Canada,9994.166666666666,Bachelor's degree
35558,Canada,7795.450000000001,Master's degree
35561,Canada,19988.333333333332,Master's degree
35579,Canada,9794.283333333333,Master's degree
35637,Canada,8794.866666666667,college/university without bachelor's degree
35643,Canada,6196.383333333333,college/university without bachelor's degree
35645,Canada,116.13221666666666,Bachelor's degree
35650,Canada,16990.083333333332,college/university without bachelor's degree
35671,Canada,11993.0,Associate degree
35673,Canada,15990.666666666666,Secondary school
35802,Canada,12992.416666666666,college/university without bachelor's degree
35814,Canada,119.93,college/university without bachelor's degree
35854,Canada,4297.491666666667,Bachelor's degree
35875,Canada,8234.893508333333,Associate degree
35895,Canada,11993.0,Secondary school
36008,Canada,979.4283333333333,college/university without bachelor's degree
36036,Canada,16490.375,Bachelor's degree
36047,Canada,13991.833333333332,Bachelor's degree
36056,Canada,8495.041666666666,Bachelor's degree
36064,Canada,89.9475,college/university without bachelor's degree
36072,Canada,111.93466666666667,Bachelor's degree
36111,Canada,6596.15,college/university without bachelor's degree
36115,Canada,9194.633333333333,Associate degree
36123,Canada,9274.586666666666,Bachelor's degree
36182,Canada,7395.6833333333325,Bachelor's degree
36215,Canada,13991.833333333332,Secondary school
36239,Canada,16590.316666666666,college/university without bachelor's degree
36250,Canada,11993.0,Bachelor's degree
36301,Canada,155.909,Bachelor's degree
36314,Canada,449.7375,Bachelor's degree
36326,Canada,13991.833333333332,Master's degree
36337,Canada,11493.291666666666,Bachelor's degree
36370,Canada,19988.333333333332,college/university without bachelor's degree
36373,Canada,7995.333333333333,Secondary school
36388,Canada,76.95508333333333,Associate degree
36403,Canada,12092.941666666668,Bachelor's degree
36430,Canada,11893.058333333334,college/university without bachelor's degree
36542,Canada,9994.166666666666,Associate degree
36599,Canada,12192.883333333333,Bachelor's degree
36646,Canada,8994.75,Bachelor's degree
36656,Canada,17489.791666666664,college/university without bachelor's degree
36670,Canada,14991.25,Master's degree
36715,Canada,16990.083333333332,Bachelor's degree
36767,Canada,109.93583333333333,Bachelor's degree
36864,Canada,6995.916666666666,Secondary school
37544,Canada,11493.291666666666,Bachelor's degree
37570,Canada,5496.791666666666,Secondary school
37775,Canada,19988.333333333332,college/university without bachelor's degree
37925,Canada,6396.266666666666,college/university without bachelor's degree
38000,Canada,14991.25,Secondary school
38113,Canada,17489.791666666664,Bachelor's degree
38124,Canada,5996.5,Bachelor's degree
38135,Canada,6995.916666666666,Bachelor's degree
38158,Canada,6346.295833333334,Master's degree
38160,Canada,16990.083333333332,Bachelor's degree
38231,Canada,419.755,college/university without bachelor's degree
38259,Canada,9194.633333333333,college/university without bachelor's degree
38354,Canada,8994.75,Bachelor's degree
38355,Canada,5496.791666666666,Professional degree
38436,Canada,10493.875,Master's degree
38577,Canada,6995.916666666666,Bachelor's degree
38583,Canada,15490.958333333332,Bachelor's degree
38615,Canada,9994.166666666666,college/university without bachelor's degree
38740,Canada,7995.333333333333,Bachelor's degree
38795,Canada,6246.354166666666,Bachelor's degree
38796,Canada,6995.916666666666,Secondary school
38914,Canada,3997.6666666666665,Master's degree
38953,Canada,8694.925,Bachelor's degree
38954,Canada,8994.75,Master's degree
38960,Canada,8994.75,Bachelor's degree
38998,Canada,8994.75,Master's degree
39027,Canada,14991.25,Bachelor's degree
39037,Canada,449.7375,college/university without bachelor's degree
39057,Canada,8994.75,Bachelor's degree
39126,Canada,9994.166666666666,college/university without bachelor's degree
39175,Canada,4997.083333333333,college/university without bachelor's degree
39199,Canada,14491.541666666666,Primary/elementary school
39284,Canada,112.434375,Secondary school
39415,Canada,12492.708333333332,Master's degree
39642,Canada,899.475,Bachelor's degree
40043,Canada,529.6908333333333,college/university without bachelor's degree
40354,Canada,179.895,Associate degree
40428,Canada,8994.75,Bachelor's degree
40445,Canada,9394.516666666666,Master's degree
40656,Canada,9394.516666666666,Bachelor's degree
40715,Canada,5996.5,Something else
40736,Canada,799.5333333333333,Master's degree
40763,Canada,8994.75,Doctoral degree
40901,Canada,94.84464166666666,Associate degree
40944,Canada,5596.733333333334,college/university without bachelor's degree
40994,Canada,8395.099999999999,Bachelor's degree
41056,Canada,10993.583333333332,Bachelor's degree
41101,Canada,16490.375,Associate degree
41168,Canada,1099.3583333333333,Master's degree
41196,Canada,18489.208333333332,Bachelor's degree
41227,Canada,69.95916666666666,Associate degree
41314,Canada,14991.25,Master's degree
41323,Canada,5196.966666666666,Bachelor's degree
41397,Canada,7495.625,Bachelor's degree
41531,Canada,9594.4,Bachelor's degree
42600,Canada,8994.75,Doctoral degree
42837,Canada,5274.921166666667,Bachelor's degree
43067,Canada,11493.291666666666,college/university without bachelor's degree
43156,Canada,13492.125,Master's degree
43279,Canada,14491.541666666666,Associate degree
43301,Canada,14991.25,Bachelor's degree
43347,Canada,8694.925,Associate degree
43391,Canada,9994.166666666666,Professional degree
43398,Canada,6496.208333333333,college/university without bachelor's degree
43462,Canada,4497.375,Bachelor's degree
43512,Canada,7495.625,Associate degree
43537,Canada,17989.5,Associate degree
43613,Canada,7995.333333333333,Master's degree
43632,Canada,6995.916666666666,college/university without bachelor's degree
43676,Canada,4797.2,Bachelor's degree
43729,Canada,399.76666666666665,Master's degree
43823,Canada,7995.333333333333,Master's degree
43844,Canada,17489.791666666664,Bachelor's degree
43857,Canada,6995.916666666666,Bachelor's degree
43861,Canada,7995.333333333333,Master's degree
43878,Canada,5996.5,Associate degree
43926,Canada,7995.333333333333,college/university without bachelor's degree
43935,Canada,15091.191666666668,Master's degree
43957,Canada,8994.75,Master's degree
43983,Canada,7995.333333333333,college/university without bachelor's degree
44064,Canada,6496.208333333333,college/university without bachelor's degree
44089,Canada,8295.158333333333,Bachelor's degree
44107,Canada,6696.091666666667,Master's degree
44113,Canada,4497.375,Bachelor's degree
44115,Canada,5996.5,Bachelor's degree
44127,Canada,10993.583333333332,Bachelor's degree
44178,Canada,999.4166666666666,Bachelor's degree
44225,Canada,12992.416666666666,Bachelor's degree
44278,Canada,9494.458333333332,college/university without bachelor's degree
44282,Canada,8245.1875,college/university without bachelor's degree
44310,Canada,79.95333333333333,college/university without bachelor's degree
44311,Canada,7282.9491333333335,college/university without bachelor's degree
44319,Canada,6246.354166666666,Bachelor's degree
44360,Canada,8495.041666666666,Secondary school
44417,Canada,11493.291666666666,Master's degree
44424,Canada,9494.458333333332,Bachelor's degree
44436,Canada,6796.033333333334,Master's degree
44449,Canada,9994.166666666666,Bachelor's degree
44493,Canada,9994.166666666666,Bachelor's degree
44627,Canada,6995.916666666666,Bachelor's degree
44936,Canada,11993.0,Master's degree
45689,Canada,17489.791666666664,Bachelor's degree
45759,Canada,7995.333333333333,Associate degree
45871,Canada,6995.916666666666,college/university without bachelor's degree
45957,Canada,9994.166666666666,college/university without bachelor's degree
46019,Canada,7795.450000000001,Master's degree
46025,Canada,12792.533333333333,Bachelor's degree
46028,Canada,10993.583333333332,Bachelor's degree
46031,Canada,11993.0,Bachelor's degree
46045,Canada,4996.283799999999,Associate degree
46081,Canada,10993.583333333332,Bachelor's degree
46103,Canada,5996.5,Bachelor's degree
46104,Canada,3997.6666666666665,Bachelor's degree
46112,Canada,7495.625,Associate degree
46152,Canada,14301.6525,Master's degree
46197,Canada,11093.525000000001,Bachelor's degree
46243,Canada,9494.458333333332,Something else
46288,Canada,12492.708333333332,Bachelor's degree
46402,Canada,10993.583333333332,Bachelor's degree
46405,Canada,10343.9625,Bachelor's degree
46419,Canada,10993.583333333332,Bachelor's degree
46445,Canada,7995.333333333333,Bachelor's degree
46457,Canada,79.95333333333333,Associate degree
46460,Canada,7495.625,Bachelor's degree
46466,Canada,10493.875,Bachelor's degree
46470,Canada,17989.5,Master's degree
46491,Canada,9494.458333333332,Bachelor's degree
46511,Canada,12992.416666666666,Bachelor's degree
46555,Canada,7995.333333333333,college/university without bachelor's degree
46563,Canada,12492.708333333332,Master's degree
46594,Canada,6995.916666666666,college/university without bachelor's degree
46611,Canada,9994.166666666666,Bachelor's degree
46628,Canada,8969.764583333334,Master's degree
46640,Canada,7695.508333333333,Bachelor's degree
46644,Canada,17989.5,college/university without bachelor's degree
46653,Canada,12992.416666666666,Bachelor's degree
46683,Canada,9194.633333333333,Bachelor's degree
46692,Canada,12492.708333333332,Bachelor's degree
46697,Canada,5496.791666666666,Bachelor's degree
46733,Canada,10493.875,Associate degree
46749,Canada,119.53023333333334,college/university without bachelor's degree
46808,Canada,14491.541666666666,Bachelor's degree
46911,Canada,19988.333333333332,Bachelor's degree
46939,Canada,7495.625,Associate degree
46973,Canada,10993.583333333332,Master's degree
47011,Canada,6496.208333333333,college/university without bachelor's degree
47013,Canada,14991.25,Bachelor's degree
47034,Canada,6496.208333333333,Bachelor's degree
47046,Canada,1019.405,Bachelor's degree
47088,Canada,10993.583333333332,Master's degree
47115,Canada,5496.791666666666,Something else
47126,Canada,13991.833333333332,Bachelor's degree
47133,Canada,10194.05,Master's degree
47191,Canada,9994.166666666666,Master's degree
47246,Canada,11493.291666666666,Bachelor's degree
47307,Canada,6995.916666666666,Associate degree
47320,Canada,6496.208333333333,college/university without bachelor's degree
47380,Canada,6995.916666666666,Master's degree
47385,Canada,209.8775,Bachelor's degree
47408,Canada,5596.733333333334,Bachelor's degree
47409,Canada,11693.175,Associate degree
47423,Canada,12492.708333333332,Master's degree
47458,Canada,11993.0,Bachelor's degree
47516,Canada,15990.666666666666,Master's degree
47535,Canada,15490.958333333332,Master's degree
47562,Canada,5996.5,Bachelor's degree
47565,Canada,17989.5,college/university without bachelor's degree
47617,Canada,12992.416666666666,Bachelor's degree
47618,Canada,749.5625,Secondary school
47621,Canada,9394.516666666666,college/university without bachelor's degree
47632,Canada,9694.341666666667,Bachelor's degree
47638,Canada,5996.5,college/university without bachelor's degree
47697,Canada,69.95916666666666,Bachelor's degree
47698,Canada,9994.166666666666,Bachelor's degree
47705,Canada,12192.883333333333,Associate degree
47838,Canada,9994.166666666666,Bachelor's degree
47959,Canada,6630.429991666666,Bachelor's degree
47977,Canada,7495.625,Bachelor's degree
47990,Canada,15191.133333333333,Master's degree
48170,Canada,699.5916666666667,Secondary school
48223,Canada,10993.583333333332,Bachelor's degree
48309,Canada,6995.916666666666,Bachelor's degree
48335,Canada,18789.033333333333,Doctoral degree
49667,Canada,13492.125,Bachelor's degree
49735,Canada,17989.5,Bachelor's degree
49831,Canada,8994.75,Bachelor's degree
49956,Canada,6296.325000000001,Bachelor's degree
50031,Canada,6096.441666666667,Bachelor's degree
50069,Canada,5856.581666666666,Bachelor's degree
50133,Canada,6596.15,Bachelor's degree
50149,Canada,9994.166666666666,Bachelor's degree
50208,Canada,9716.828541666666,Master's degree
50298,Canada,4997.083333333333,Secondary school
50468,Canada,9494.458333333332,college/university without bachelor's degree
50478,Canada,8994.75,Bachelor's degree
50487,Canada,6995.916666666666,Bachelor's degree
50497,Canada,17489.791666666664,Master's degree
50509,Canada,8495.041666666666,Bachelor's degree
50512,Canada,17989.5,college/university without bachelor's degree
50523,Canada,8994.75,Master's degree
50531,Canada,15990.666666666666,Bachelor's degree
50534,Canada,11693.175,Associate degree
50539,Canada,12292.824999999999,Associate degree
50552,Canada,10493.875,Bachelor's degree
50558,Canada,9394.516666666666,Bachelor's degree
50562,Canada,10593.816666666666,Bachelor's degree
50564,Canada,11993.0,Master's degree
50573,Canada,11993.0,Bachelor's degree
50578,Canada,6196.383333333333,college/university without bachelor's degree
50595,Canada,14991.25,Bachelor's degree
50599,Canada,7495.625,Bachelor's degree
50638,Canada,10993.583333333332,Bachelor's degree
50741,Canada,3997.6666666666665,Associate degree
50742,Canada,7495.625,Associate degree
50746,Canada,8994.75,Master's degree
50776,Canada,11693.175,Master's degree
50801,Canada,7495.625,Master's degree
50866,Canada,16990.083333333332,Bachelor's degree
50867,Canada,8994.75,Associate degree
50895,Canada,6396.266666666666,Bachelor's degree
50915,Canada,9994.166666666666,Bachelor's degree
50939,Canada,19488.625,Secondary school
50966,Canada,11993.0,Master's degree
51009,Canada,666.3110916666667,Bachelor's degree
51071,Canada,11993.0,Associate degree
51076,Canada,10393.933333333332,Master's degree
51110,Canada,12492.708333333332,Bachelor's degree
51140,Canada,11993.0,college/university without bachelor's degree
51142,Canada,6596.15,college/university without bachelor's degree
51183,Canada,13991.833333333332,Master's degree
51185,Canada,10993.583333333332,Bachelor's degree
51187,Canada,5996.5,Bachelor's degree
51203,Canada,5996.5,Bachelor's degree
51214,Canada,1699.0083333333334,college/university without bachelor's degree
51222,Canada,12992.416666666666,Bachelor's degree
51267,Canada,6496.208333333333,Secondary school
51269,Canada,7895.391666666666,Something else
51276,Canada,7495.625,Bachelor's degree
51342,Canada,6995.916666666666,Bachelor's degree
51377,Canada,6661.112083333333,Associate degree
51389,Canada,14941.279166666667,Secondary school
51390,Canada,6995.916666666666,Associate degree
51391,Canada,13492.125,college/university without bachelor's degree
51424,Canada,624.6354166666666,Master's degree
51473,Canada,8495.041666666666,Something else
51484,Canada,6496.208333333333,college/university without bachelor's degree
51487,Canada,66.36126666666667,Associate degree
51515,Canada,10493.875,college/university without bachelor's degree
51550,Canada,10993.583333333332,Master's degree
51568,Canada,9794.283333333333,Secondary school
51624,Canada,10493.875,Bachelor's degree
51630,Canada,5996.5,Master's degree
51647,Canada,14691.425,college/university without bachelor's degree
51648,Canada,7495.625,Master's degree
51649,Canada,5996.5,college/university without bachelor's degree
51662,Canada,12592.650000000001,Master's degree
51672,Canada,17989.5,Bachelor's degree
51673,Canada,449.7375,Bachelor's degree
51695,Canada,11993.0,Bachelor's degree
51709,Canada,6995.916666666666,college/university without bachelor's degree
51770,Canada,10993.583333333332,Master's degree
51793,Canada,9994.166666666666,Bachelor's degree
51801,Canada,8495.041666666666,Something else
51812,Canada,9194.633333333333,Bachelor's degree
51817,Canada,8495.041666666666,Master's degree
51841,Canada,7995.333333333333,Bachelor's degree
51842,Canada,12992.416666666666,Doctoral degree
51859,Canada,13991.833333333332,college/university without bachelor's degree
51861,Canada,7995.333333333333,Bachelor's degree
51867,Canada,10493.875,Bachelor's degree
51872,Canada,11793.116666666665,Bachelor's degree
51919,Canada,10194.05,college/university without bachelor's degree
51935,Canada,12992.416666666666,college/university without bachelor's degree
51982,Canada,6296.325000000001,Bachelor's degree
52012,Canada,8794.866666666667,Master's degree
52024,Canada,13991.833333333332,college/university without bachelor's degree
52028,Canada,13292.241666666665,Master's degree
52040,Canada,13991.833333333332,Bachelor's degree
52065,Canada,16990.083333333332,Bachelor's degree
52120,Canada,79.95333333333333,Bachelor's degree
52158,Canada,8794.866666666667,Master's degree
52218,Canada,9994.166666666666,Something else
52249,Canada,7995.333333333333,college/university without bachelor's degree
52302,Canada,10993.583333333332,Bachelor's degree
52304,Canada,6166.400833333333,Bachelor's degree
52313,Canada,11993.0,Bachelor's degree
52338,Canada,12492.708333333332,Master's degree
52340,Canada,9194.633333333333,Bachelor's degree
52344,Canada,9494.458333333332,Bachelor's degree
52361,Canada,17489.791666666664,Master's degree
52386,Canada,10993.583333333332,college/university without bachelor's degree
52397,Canada,49.97083333333333,college/university without bachelor's degree
52404,Canada,12092.941666666668,Master's degree
52435,Canada,13492.125,Bachelor's degree
52563,Canada,9699.538633333334,Master's degree
52570,Canada,10993.583333333332,Bachelor's degree
52595,Canada,10493.875,Bachelor's degree
52608,Canada,11993.0,Bachelor's degree
52614,Canada,10893.641666666666,Bachelor's degree
52622,Canada,10993.583333333332,college/university without bachelor's degree
52625,Canada,4997.083333333333,Bachelor's degree
52644,Canada,19688.50833333333,Bachelor's degree
52675,Canada,10993.583333333332,Bachelor's degree
52701,Canada,13642.0375,Bachelor's degree
52713,Canada,599.65,Master's degree
52740,Canada,16990.083333333332,Bachelor's degree
52762,Canada,5796.616666666667,college/university without bachelor's degree
52779,Canada,8594.983333333334,Master's degree
52807,Canada,8594.983333333334,Bachelor's degree
52818,Canada,10993.583333333332,Bachelor's degree
52838,Canada,9694.341666666667,Bachelor's degree
52842,Canada,7495.625,Bachelor's degree
52851,Canada,10993.583333333332,Bachelor's degree
52856,Canada,9894.224999999999,Bachelor's degree
52868,Canada,11493.291666666666,Master's degree
52873,Canada,9794.283333333333,Doctoral degree
52885,Canada,9594.4,Master's degree
52900,Canada,15990.666666666666,Bachelor's degree
52915,Canada,8594.983333333334,Bachelor's degree
53026,Canada,10194.05,Bachelor's degree
53039,Canada,8994.75,Something else
53049,Canada,49.97083333333333,college/university without bachelor's degree
53134,Canada,6995.916666666666,Bachelor's degree
53201,Canada,6496.208333333333,Something else
53273,Canada,9194.633333333333,Bachelor's degree
53408,Canada,9994.166666666666,Bachelor's degree
54016,Canada,11993.0,Bachelor's degree
54310,Canada,4010.1593749999997,Something else
54361,Canada,9994.166666666666,Associate degree
54379,Canada,11593.233333333334,Bachelor's degree
54447,Canada,13791.949999999999,Bachelor's degree
54470,Canada,8495.041666666666,Master's degree
54625,Canada,9994.166666666666,Bachelor's degree
54640,Canada,9494.458333333332,Associate degree
54793,Canada,11793.116666666665,Bachelor's degree
54823,Canada,4097.608333333334,Associate degree
54837,Canada,9994.166666666666,Bachelor's degree
54840,Canada,11993.0,Bachelor's degree
54843,Canada,8420.385241666667,Doctoral degree
54919,Canada,9994.166666666666,Bachelor's degree
54941,Canada,9994.166666666666,Bachelor's degree
54991,Canada,13292.241666666665,Bachelor's degree
55026,Canada,8195.216666666667,Bachelor's degree
55106,Canada,11993.0,Bachelor's degree
55140,Canada,5496.791666666666,Something else
55163,Canada,11793.116666666665,Bachelor's degree
55169,Canada,17989.5,Master's degree
55303,Canada,9244.604166666666,Bachelor's degree
55338,Canada,8994.75,Bachelor's degree
55353,Canada,10993.583333333332,Bachelor's degree
55360,Canada,11993.0,Master's degree
55385,Canada,5996.5,Master's degree
55389,Canada,3997.6666666666665,Associate degree
55406,Canada,9844.254166666666,Bachelor's degree
55428,Canada,11993.0,Bachelor's degree
55449,Canada,13492.125,Bachelor's degree
55584,Canada,7795.450000000001,Bachelor's degree
55706,Canada,13991.833333333332,Bachelor's degree
55712,Canada,6995.916666666666,Bachelor's degree
55781,Canada,8495.041666666666,college/university without bachelor's degree
55809,Canada,7995.333333333333,Bachelor's degree
55911,Canada,8495.041666666666,Bachelor's degree
55940,Canada,719.58,Doctoral degree
56109,Canada,5996.5,Bachelor's degree
56156,Canada,999.4166666666666,Bachelor's degree
56193,Canada,9594.4,Bachelor's degree
56360,Canada,13492.125,Bachelor's degree
56368,Canada,11793.116666666665,Bachelor's degree
56409,Canada,10993.583333333332,Master's degree
56564,Canada,8744.895833333332,Bachelor's degree
56583,Canada,12492.708333333332,Bachelor's degree
56666,Canada,5696.675,Bachelor's degree
56683,Canada,11993.0,Secondary school
56699,Canada,6696.091666666667,Associate degree
56778,Canada,1599.0666666666666,Bachelor's degree
56793,Canada,11493.291666666666,Master's degree
56819,Canada,9394.516666666666,Bachelor's degree
56860,Canada,7995.333333333333,Bachelor's degree
56862,Canada,14991.25,Master's degree
56895,Canada,10993.583333333332,Bachelor's degree
56907,Canada,7995.333333333333,Master's degree
56915,Canada,12492.708333333332,Associate degree
56923,Canada,13492.125,Bachelor's degree
56946,Canada,8994.75,college/university without bachelor's degree
56963,Canada,6496.208333333333,Bachelor's degree
56970,Canada,7495.625,Something else
56976,Canada,19988.333333333332,Master's degree
56988,Canada,15990.666666666666,Bachelor's degree
56992,Canada,14991.25,Master's degree
56999,Canada,19988.333333333332,Master's degree
57002,Canada,9994.166666666666,Associate degree
57010,Canada,14991.25,Bachelor's degree
57093,Canada,149.9125,college/university without bachelor's degree
57122,Canada,8694.925,Bachelor's degree
57160,Canada,8994.75,Master's degree
57164,Canada,16990.083333333332,Bachelor's degree
57182,Canada,8395.099999999999,Doctoral degree
57240,Canada,10993.583333333332,Master's degree
57299,Canada,9594.4,Secondary school
57329,Canada,9994.166666666666,Something else
57335,Canada,13991.833333333332,college/university without bachelor's degree
57375,Canada,10993.583333333332,Bachelor's degree
57406,Canada,8594.983333333334,Bachelor's degree
57444,Canada,9194.633333333333,Bachelor's degree
57449,Canada,10293.991666666667,Master's degree
57465,Canada,6995.916666666666,Bachelor's degree
57522,Canada,10993.583333333332,Master's degree
57552,Canada,9994.166666666666,Bachelor's degree
57575,Canada,11993.0,Bachelor's degree
57638,Canada,8894.808333333332,Bachelor's degree
57742,Canada,17889.558333333334,Bachelor's degree
57775,Canada,11293.408333333333,Bachelor's degree
57821,Canada,5296.908333333333,Master's degree
57828,Canada,12992.416666666666,college/university without bachelor's degree
58274,Canada,17989.5,Bachelor's degree
58607,Canada,12992.416666666666,Bachelor's degree
58632,Canada,11793.116666666665,Master's degree
58714,Canada,12592.650000000001,Bachelor's degree
58781,Canada,12992.416666666666,Master's degree
58819,Canada,7995.333333333333,Bachelor's degree
58911,Canada,8495.041666666666,Bachelor's degree
58921,Canada,1499.125,Bachelor's degree
58938,Canada,8495.041666666666,college/university without bachelor's degree
59007,Canada,7995.333333333333,Bachelor's degree
59044,Canada,9094.691666666666,Bachelor's degree
59049,Canada,9494.458333333332,Bachelor's degree
59106,Canada,8794.866666666667,Bachelor's degree
59118,Canada,10094.108333333334,Bachelor's degree
59239,Canada,11493.291666666666,Master's degree
59247,Canada,15990.666666666666,Master's degree
59284,Canada,12492.708333333332,college/university without bachelor's degree
59295,Canada,11993.0,Associate degree
59371,Canada,7495.625,Bachelor's degree
59393,Canada,19988.333333333332,Bachelor's degree
59418,Canada,11993.0,Master's degree
59426,Canada,15990.666666666666,college/university without bachelor's degree
59534,Canada,13991.833333333332,Master's degree
59546,Canada,19988.333333333332,college/university without bachelor's degree
59554,Canada,13991.833333333332,Bachelor's degree
59574,Canada,9994.166666666666,Bachelor's degree
59612,Canada,15590.900000000001,Bachelor's degree
59655,Canada,10993.583333333332,Bachelor's degree
59710,Canada,9994.166666666666,Associate degree
59767,Canada,1199.3,Bachelor's degree
59782,Canada,5196.966666666666,Something else
59799,Canada,8994.75,Doctoral degree
59831,Canada,8994.75,Master's degree
59844,Canada,19488.625,Bachelor's degree
59861,Canada,11993.0,Master's degree
59872,Canada,12992.416666666666,Doctoral degree
59902,Canada,12492.708333333332,Master's degree
59919,Canada,14991.25,Bachelor's degree
59948,Canada,10993.583333333332,Something else
59959,Canada,17489.791666666664,Bachelor's degree
60038,Canada,6995.916666666666,Bachelor's degree
60039,Canada,7995.333333333333,Associate degree
60071,Canada,7495.625,Bachelor's degree
60072,Canada,11693.175,Master's degree
60117,Canada,8994.75,Bachelor's degree
60124,Canada,14991.25,Doctoral degree
60144,Canada,18988.916666666664,Bachelor's degree
60185,Canada,249.85416666666666,college/university without bachelor's degree
60214,Canada,8894.808333333332,Bachelor's degree
60236,Canada,10493.875,Bachelor's degree
60248,Canada,14991.25,Doctoral degree
60253,Canada,94.94458333333333,Associate degree
60273,Canada,4997.083333333333,Master's degree
60276,Canada,13492.125,Bachelor's degree
60279,Canada,349.79583333333335,Bachelor's degree
60285,Canada,139.91833333333332,Bachelor's degree
60286,Canada,11793.116666666665,Bachelor's degree
60304,Canada,7795.450000000001,Bachelor's degree
60329,Canada,4997.083333333333,Bachelor's degree
60342,Canada,5996.5,Bachelor's degree
60354,Canada,6796.033333333334,Something else
60356,Canada,7095.858333333334,Bachelor's degree
60367,Canada,11993.0,Bachelor's degree
60372,Canada,15990.666666666666,Bachelor's degree
60389,Canada,14991.25,Bachelor's degree
60399,Canada,10993.583333333332,Bachelor's degree
60463,Canada,10094.108333333334,Bachelor's degree
60472,Canada,7195.8,Bachelor's degree
60504,Canada,10493.875,Master's degree
60506,Canada,8195.216666666667,Master's degree
60540,Canada,10993.583333333332,Something else
60544,Canada,199.88333333333333,Associate degree
60577,Canada,7995.333333333333,college/university without bachelor's degree
60600,Canada,349.79583333333335,Master's degree
60630,Canada,6995.916666666666,Secondary school
60659,Canada,8555.006666666666,Master's degree
60727,Canada,104.93875,Bachelor's degree
60739,Canada,8994.75,Bachelor's degree
60803,Canada,6746.0625,Bachelor's degree
60829,Canada,10493.875,Bachelor's degree
60851,Canada,13991.833333333332,Bachelor's degree
60895,Canada,14991.25,Bachelor's degree
60967,Canada,18988.916666666664,Bachelor's degree
60974,Canada,10893.641666666666,college/university without bachelor's degree
60995,Canada,11193.466666666667,Associate degree
61014,Canada,9994.166666666666,Bachelor's degree
61020,Canada,9194.633333333333,Bachelor's degree
61041,Canada,6496.208333333333,Bachelor's degree
61048,Canada,10993.583333333332,Bachelor's degree
61054,Canada,15990.666666666666,college/university without bachelor's degree
61055,Canada,16490.375,Bachelor's degree
61076,Canada,11993.0,Bachelor's degree
61080,Canada,13991.833333333332,Bachelor's degree
61105,Canada,12392.766666666666,college/university without bachelor's degree
61115,Canada,12492.708333333332,Bachelor's degree
61162,Canada,19988.333333333332,Bachelor's degree
61183,Canada,13242.270833333332,Bachelor's degree
61206,Canada,10993.583333333332,Bachelor's degree
61223,Canada,16310.48,Bachelor's degree
61229,Canada,13991.833333333332,Bachelor's degree
61232,Canada,9994.166666666666,Bachelor's degree
61259,Canada,16990.083333333332,Bachelor's degree
61369,Canada,4997.083333333333,Doctoral degree
61427,Canada,9994.166666666666,Bachelor's degree
61832,Canada,10793.7,Bachelor's degree
62057,Canada,9294.575,Bachelor's degree
62241,Canada,4997.083333333333,Master's degree
62307,Canada,13991.833333333332,Master's degree
62412,Canada,8495.041666666666,Bachelor's degree
62431,Canada,5996.5,Something else
62455,Canada,15990.666666666666,Bachelor's degree
62486,Canada,19988.333333333332,Bachelor's degree
62593,Canada,10993.583333333332,Bachelor's degree
62649,Canada,16990.083333333332,Bachelor's degree
62701,Canada,13991.833333333332,college/university without bachelor's degree
62727,Canada,13991.833333333332,Bachelor's degree
62732,Canada,11993.0,Bachelor's degree
62801,Canada,9994.166666666666,Something else
62842,Canada,6995.916666666666,Bachelor's degree
62864,Canada,18689.091666666667,Master's degree
62895,Canada,10493.875,Something else
62946,Canada,8994.75,Doctoral degree
62950,Canada,6995.916666666666,Bachelor's degree
62958,Canada,14491.541666666666,Associate degree
63034,Canada,332.60586666666666,Secondary school
63689,Canada,2398.6,Master's degree
63739,Canada,8295.158333333333,Bachelor's degree
63812,Canada,8495.041666666666,Master's degree
63843,Canada,459.7316666666666,Bachelor's degree
63847,Canada,8994.75,Associate degree
63866,Canada,13492.125,Bachelor's degree
63909,Canada,8994.75,Master's degree
63967,Canada,13991.833333333332,Associate degree
64181,Canada,6746.0625,Bachelor's degree
64197,Canada,7495.625,Bachelor's degree
64198,Canada,6496.208333333333,Bachelor's degree
65349,Canada,7245.770833333333,Associate degree
65588,Canada,11993.0,Master's degree
65649,Canada,7595.566666666667,Master's degree
65760,Canada,8984.755833333333,Bachelor's degree
65761,Canada,5296.908333333333,Master's degree
65799,Canada,10793.7,Doctoral degree
65874,Canada,6995.916666666666,Bachelor's degree
65933,Canada,7495.625,Associate degree
65934,Canada,4497.375,Something else
66082,Canada,4197.549999999999,college/university without bachelor's degree
66119,Canada,11493.291666666666,Master's degree
66138,Canada,7995.333333333333,Bachelor's degree
66170,Canada,8994.75,Bachelor's degree
66235,Canada,8495.041666666666,Bachelor's degree
66325,Canada,9994.166666666666,Bachelor's degree
66332,Canada,6796.033333333334,college/university without bachelor's degree
66333,Canada,11493.291666666666,Bachelor's degree
66340,Canada,19988.333333333332,Bachelor's degree
66372,Canada,6496.208333333333,Bachelor's degree
66445,Canada,19988.333333333332,Doctoral degree
66462,Canada,12492.708333333332,Bachelor's degree
66508,Canada,13492.125,college/university without bachelor's degree
66511,Canada,7495.625,Bachelor's degree
66562,Canada,8495.041666666666,college/university without bachelor's degree
66656,Canada,12092.941666666668,Bachelor's degree
66657,Canada,19988.333333333332,Bachelor's degree
66663,Canada,299.825,Master's degree
66677,Canada,9994.166666666666,Bachelor's degree
66719,Canada,7995.333333333333,Bachelor's degree
66770,Canada,12992.416666666666,Master's degree
66782,Canada,11093.525000000001,college/university without bachelor's degree
66794,Canada,11993.0,college/university without bachelor's degree
66908,Canada,9594.4,Bachelor's degree
66991,Canada,9494.458333333332,Bachelor's degree
67021,Canada,17189.966666666667,Bachelor's degree
67042,Canada,8495.041666666666,Associate degree
67044,Canada,9494.458333333332,Bachelor's degree
67080,Canada,8495.041666666666,Master's degree
67117,Canada,9994.166666666666,Bachelor's degree
67251,Canada,233.16390833333332,Master's degree
67322,Canada,7995.333333333333,Bachelor's degree
67325,Canada,11493.291666666666,Bachelor's degree
68685,Canada,299.825,Bachelor's degree
68745,Canada,10993.583333333332,Bachelor's degree
68845,Canada,9994.166666666666,college/university without bachelor's degree
68886,Canada,6496.208333333333,Bachelor's degree
68916,Canada,5996.5,Bachelor's degree
68963,Canada,59.965,Something else
68973,Canada,5097.025,Bachelor's degree
69039,Canada,10493.875,Bachelor's degree
69077,Canada,6995.916666666666,Associate degree
69103,Canada,13991.833333333332,Bachelor's degree
69127,Canada,7995.333333333333,Bachelor's degree
69145,Canada,10493.875,Associate degree
69155,Canada,11993.0,Bachelor's degree
69202,Canada,17989.5,Bachelor's degree
69437,Canada,9994.166666666666,Bachelor's degree
69469,Canada,4317.48,Bachelor's degree
69583,Canada,12492.708333333332,Bachelor's degree
69595,Canada,9294.575,Secondary school
69598,Canada,8994.75,Associate degree
69707,Canada,8994.75,Bachelor's degree
69714,Canada,14491.541666666666,Bachelor's degree
69739,Canada,9994.166666666666,Master's degree
69745,Canada,11993.0,Bachelor's degree
69789,Canada,69.95916666666666,Bachelor's degree
69814,Canada,8295.158333333333,Master's degree
69894,Canada,101.44079166666667,college/university without bachelor's degree
69911,Canada,15990.666666666666,Master's degree
69944,Canada,16990.083333333332,Bachelor's degree
69953,Canada,6895.974999999999,Bachelor's degree
69962,Canada,10793.7,Bachelor's degree
69964,Canada,8794.866666666667,Bachelor's degree
69988,Canada,5231.94625,Bachelor's degree
69989,Canada,6496.208333333333,Secondary school
70053,Canada,369.78416666666664,Bachelor's degree
70069,Canada,8395.099999999999,Bachelor's degree
70145,Canada,6196.383333333333,Bachelor's degree
70148,Canada,999.4166666666666,Associate degree
70165,Canada,6496.208333333333,Bachelor's degree
70250,Canada,10993.583333333332,Master's degree
70370,Canada,13991.833333333332,Bachelor's degree
70483,Canada,12992.416666666666,Associate degree
70637,Canada,14491.541666666666,Bachelor's degree
70656,Canada,8994.75,Bachelor's degree
71322,Canada,15965.681250000001,Bachelor's degree
71425,Canada,799.5333333333333,Master's degree
71443,Canada,15990.666666666666,Bachelor's degree
71484,Canada,16990.083333333332,Bachelor's degree
71570,Canada,5996.5,Bachelor's degree
71574,Canada,8594.983333333334,Secondary school
71615,Canada,11993.0,Bachelor's degree
71665,Canada,9994.166666666666,college/university without bachelor's degree
71687,Canada,12792.533333333333,Something else
71697,Canada,11993.0,Bachelor's degree
71710,Canada,11493.291666666666,Doctoral degree
71711,Canada,6995.916666666666,Associate degree
71767,Canada,14991.25,Bachelor's degree
71828,Canada,7595.566666666667,Bachelor's degree
71891,Canada,12992.416666666666,Bachelor's degree
71892,Canada,9714.33,Bachelor's degree
71918,Canada,4997.083333333333,Bachelor's degree
71922,Canada,13492.125,Bachelor's degree
71924,Canada,14991.25,Bachelor's degree
71940,Canada,7095.858333333334,Bachelor's degree
71947,Canada,11993.0,Bachelor's degree
71982,Canada,6496.208333333333,Bachelor's degree
72071,Canada,10293.991666666667,Doctoral degree
72085,Canada,249.85416666666666,Bachelor's degree
72091,Canada,13492.125,Bachelor's degree
72125,Canada,4197.549999999999,college/university without bachelor's degree
72152,Canada,7195.8,Associate degree
72188,Canada,12992.416666666666,Bachelor's degree
72201,Canada,459.7316666666666,Bachelor's degree
72206,Canada,8145.2458333333325,Bachelor's degree
72209,Canada,14991.25,Bachelor's degree
72236,Canada,8894.808333333332,Bachelor's degree
72261,Canada,74.95625,Secondary school
72270,Canada,8295.158333333333,college/university without bachelor's degree
72279,Canada,6895.974999999999,Associate degree
72354,Canada,14991.25,Associate degree
72399,Canada,6995.916666666666,Something else
72480,Canada,9494.458333333332,Bachelor's degree
72596,Canada,13991.833333333332,Bachelor's degree
72713,Canada,999.4166666666666,Associate degree
73296,Canada,6895.974999999999,Bachelor's degree
73529,Canada,6496.208333333333,Bachelor's degree
73617,Canada,2998.25,Associate degree
73733,Canada,8095.275,Bachelor's degree
73897,Canada,3997.6666666666665,Bachelor's degree
73960,Canada,14991.25,Bachelor's degree
73975,Canada,8495.041666666666,Bachelor's degree
73980,Canada,7919.1777833333335,Master's degree
74035,Canada,4197.549999999999,Bachelor's degree
74068,Canada,8994.75,college/university without bachelor's degree
74151,Canada,3997.6666666666665,Bachelor's degree
74192,Canada,14991.25,Bachelor's degree
74224,Canada,9994.166666666666,Master's degree
74289,Canada,449.7375,Bachelor's degree
74336,Canada,9994.166666666666,Bachelor's degree
74433,Canada,57.966166666666666,Associate degree
74558,Canada,10993.583333333332,college/university without bachelor's degree
74585,Canada,12062.959166666667,Master's degree
74593,Canada,5796.616666666667,Bachelor's degree
74613,Canada,7595.566666666667,Bachelor's degree
74614,Canada,5996.5,Bachelor's degree
74688,Canada,11993.0,Bachelor's degree
74692,Canada,11993.0,Primary/elementary school
74696,Canada,4797.2,Associate degree
74700,Canada,9994.166666666666,Bachelor's degree
74733,Canada,6895.974999999999,Bachelor's degree
74777,Canada,11493.291666666666,Bachelor's degree
74778,Canada,4397.433333333333,Associate degree
74792,Canada,15490.958333333332,Bachelor's degree
74806,Canada,15990.666666666666,Doctoral degree
74853,Canada,6796.033333333334,Master's degree
74892,Canada,17489.791666666664,Master's degree
74927,Canada,4500.773016666666,Associate degree
74970,Canada,599.65,college/university without bachelor's degree
74971,Canada,16990.083333333332,Master's degree
75031,Canada,17989.5,Bachelor's degree
75058,Canada,7495.625,Secondary school
75082,Canada,9994.166666666666,Master's degree
75098,Canada,4397.433333333333,Bachelor's degree
75107,Canada,9994.166666666666,Bachelor's degree
75174,Canada,1499.125,Master's degree
75179,Canada,7995.333333333333,Master's degree
75247,Canada,6596.15,Bachelor's degree
75251,Canada,6496.208333333333,college/university without bachelor's degree
75281,Canada,7495.625,Bachelor's degree
75297,Canada,10993.583333333332,Bachelor's degree
75305,Canada,13741.979166666666,Master's degree
75329,Canada,12992.416666666666,Bachelor's degree
75408,Canada,13991.833333333332,Bachelor's degree
75409,Canada,9494.458333333332,college/university without bachelor's degree
75452,Canada,12492.708333333332,Bachelor's degree
75467,Canada,7495.625,Bachelor's degree
75495,Canada,79.95333333333333,Primary/elementary school
75497,Canada,12492.708333333332,Bachelor's degree
75515,Canada,8195.216666666667,Bachelor's degree
75859,Canada,10493.875,Primary/elementary school
76348,Canada,8994.75,Master's degree
76376,Canada,5196.966666666666,college/university without bachelor's degree
76496,Canada,6496.208333333333,Bachelor's degree
76531,Canada,16490.375,Secondary school
76581,Canada,9794.283333333333,Master's degree
76650,Canada,7495.625,Master's degree
76661,Canada,7295.741666666667,college/university without bachelor's degree
76684,Canada,3497.958333333333,college/university without bachelor's degree
76695,Canada,17989.5,Bachelor's degree
76751,Canada,7995.333333333333,Bachelor's degree
76790,Canada,199.88333333333333,Bachelor's degree
76878,Canada,11293.408333333333,Bachelor's degree
76904,Canada,13492.125,Master's degree
76915,Canada,10993.583333333332,Bachelor's degree
76947,Canada,3997.6666666666665,Master's degree
76976,Canada,6696.091666666667,Associate degree
77016,Canada,1399.1833333333334,Bachelor's degree
77017,Canada,9494.458333333332,Something else
77028,Canada,11993.0,Bachelor's degree
77068,Canada,9994.166666666666,college/university without bachelor's degree
77169,Canada,11993.0,Bachelor's degree
77299,Canada,13991.833333333332,Bachelor's degree
77341,Canada,16990.083333333332,Doctoral degree
77407,Canada,16790.199999999997,Bachelor's degree
77486,Canada,8395.099999999999,Bachelor's degree
77492,Canada,15061.209166666667,Bachelor's degree
77504,Canada,16990.083333333332,Bachelor's degree
77517,Canada,13592.066666666668,Bachelor's degree
77518,Canada,6995.916666666666,Bachelor's degree
77659,Canada,13991.833333333332,Master's degree
77667,Canada,13492.125,Bachelor's degree
77674,Canada,17989.5,Master's degree
78149,Canada,9994.166666666666,Bachelor's degree
78219,Canada,9994.166666666666,Bachelor's degree
78416,Canada,15490.958333333332,Bachelor's degree
78437,Canada,15990.666666666666,Doctoral degree
78612,Canada,6496.208333333333,Master's degree
78747,Canada,13991.833333333332,Master's degree
78814,Canada,12492.708333333332,college/university without bachelor's degree
78854,Canada,11993.0,college/university without bachelor's degree
78862,Canada,6995.916666666666,Bachelor's degree
78891,Canada,4847.170833333334,college/university without bachelor's degree
79085,Canada,12992.416666666666,Bachelor's degree
79097,Canada,91.94633333333333,Secondary school
79293,Canada,11193.466666666667,Doctoral degree
79307,Canada,19988.333333333332,Bachelor's degree
79714,Canada,8482.04925,Bachelor's degree
79774,Canada,16990.083333333332,Bachelor's degree
79804,Canada,16990.083333333332,Bachelor's degree
79837,Canada,17189.966666666667,Associate degree
79839,Canada,8155.24,Bachelor's degree
79869,Canada,15790.783333333333,Bachelor's degree
79897,Canada,14991.25,Master's degree
79958,Canada,18039.470833333333,Associate degree
79995,Canada,6196.383333333333,Doctoral degree
80059,Canada,12992.416666666666,Bachelor's degree
80936,Canada,4797.2,Something else
80991,Canada,10493.875,Doctoral degree
81080,Canada,12792.533333333333,Bachelor's degree
81100,Canada,8495.041666666666,college/university without bachelor's degree
81114,Canada,10993.583333333332,Bachelor's degree
81136,Canada,5696.675,Bachelor's degree
81184,Canada,10244.020833333332,Bachelor's degree
81290,Canada,6979.926,Master's degree
81313,Canada,8155.24,college/university without bachelor's degree
81333,Canada,17389.85,Master's degree
81415,Canada,8994.75,Something else
81435,Canada,6995.916666666666,Something else
81447,Canada,17489.791666666664,Bachelor's degree
81462,Canada,9994.166666666666,Bachelor's degree
81476,Canada,6496.208333333333,college/university without bachelor's degree
81481,Canada,54.46820833333334,Something else
81488,Canada,5996.5,Bachelor's degree
81492,Canada,12492.708333333332,Associate degree
81650,Canada,11993.0,Doctoral degree
81750,Canada,9994.166666666666,Master's degree
81773,Canada,99.94166666666666,college/university without bachelor's degree
81837,Canada,7195.8,Bachelor's degree
81863,Canada,6995.916666666666,Bachelor's degree
81914,Canada,13991.833333333332,Bachelor's degree
81943,Canada,6995.916666666666,Something else
81960,Canada,6995.916666666666,Professional degree
82020,Canada,9394.516666666666,Master's degree
82021,Canada,3997.6666666666665,Professional degree
82234,Canada,6796.033333333334,college/university without bachelor's degree
82779,Canada,12492.708333333332,Bachelor's degree
82789,Canada,8994.75,Professional degree
82831,Canada,8894.808333333332,Associate degree
82912,Canada,5996.5,Associate degree
82939,Canada,5996.5,Bachelor's degree
82941,Canada,11493.291666666666,Master's degree
83036,Canada,11228.44625,Bachelor's degree
83141,Canada,5996.5,Bachelor's degree
83187,Canada,9994.166666666666,Master's degree
83272,Canada,7295.741666666667,Bachelor's degree
83282,Canada,8395.099999999999,Bachelor's degree
83385,Canada,8395.099999999999,Bachelor's degree
83432,Canada,10593.816666666666,Bachelor's degree
83437,Canada,8994.75,Bachelor's degree
